text,timestamp
I am not capable of handling tasks without help.,1744189617000
I am incompetent.,1743923143000
I am incompetent.,1744118314000
I am incompetent.,1744213631000
I am unworthy of trust.,1743952787000
I am not capable of handling this project.,1744141705000
I am incompetent.,1743799599000
I am incompetent.,1743893385000
I am incompetent.,1743902857000
I am not good enough.,1744224667000
I am incompetent.,1744267941000
I am not good enough.,1744185587000
I am incompetent.,1743993095000
I am not good enough.,1743817471000
I am incompetent.,1743948158000
I am incompetent.,1744074772000
I am incompetent.,1744143565000
I am incompetent.,1744204845000
I am incompetent.,1743897911000
